title,category,published_date,author,url,image_url,content,word_count
"Notice of Cancellation: Request for Proposal (RFP) for Ground Development Works at the National Cricket Ground (NCG), Purbachal",Latest News,2026-07-14T12:13:00+00:00,Staff Correspondent,https://www.tigercricket.com.bd/detail/notice-of-cancellation-request-for-proposal-rfp-for-ground-development-works-at-the-national-cricket-ground-ncg-purbachal,https://www.tigercricket.com.bd/images/2026/07/1870669724820493.jpeg,"The Bangladesh Cricket Board (BCB) has cancelled the Request for Proposal (RFP) for Ground Development Works at the National Cricket Ground (NCG), Purbachal, Dhaka. Interested parties are requested to refer to the official notice for further information regarding the cancellation.",40
Worldwide Media Rights - Bilateral International Home Series involving the Bangladesh National Cricket Team (Men) in 2026–27,Latest News,2026-07-01T13:37:00+00:00,Staff Correspondent,https://www.tigercricket.com.bd/detail/worldwide-media-rights-bilateral-international-home-series-involving-the-bangladesh-national-cricket-team-men-in-2026-27,https://www.tigercricket.com.bd/images/2026/07/1869497222338741.jpeg,"The Bangladesh Cricket Board (BCB) invites Expressions of Interest (EOIs), along with financial offers, from reputable TV broadcasters, digital platforms, marketing agencies, consortiums, and firms for the acquisition of the Worldwide Media Rights for the following bilateral international home series involving the Bangladesh National Cricket Team (Men), to be hosted in Bangladesh during 2026–27: Series Covered under this EOI : 01. India Team’s Tour of Bangladesh 2026 (03 ODI and 03 T20i) 02. West Indies Team’s Tour of Bangladesh 2026 (02 Test) 03. England Team’s Tour of Bangladesh 2027 (02 Test) 04. Pakistan Team’s Tour of Bangladesh 2027 (05 ODI)",100
BCB Election 2026: Final List of Candidates Following Nomination Scrutiny (Eligible & Disqualified),Latest News,2026-05-23T18:50:00+00:00,Staff Correspondent,https://www.tigercricket.com.bd/detail/bcb-election-2026-final-list-of-candidates-following-nomination-scrutiny-eligible-disqualified,https://www.tigercricket.com.bd/images/2026/05/1865983624200206.jpeg,The Bangladesh Cricket Board has announced the list of eligible and disqualified candidates following the scrutiny of nomination papers for the BCB Election 2026. The official list outlines the status of all nominations after the verification process.,37
BCB Election 2026 - Final Voter List,Latest News,2026-05-19T18:06:00+00:00,Staff Correspondent,https://www.tigercricket.com.bd/detail/bcb-election-2026-final-voter-list,https://www.tigercricket.com.bd/images/2026/05/1865618718552373.jpeg,"The Final Voter List for the BCB Election 2026 has been officially published. Following the completion of the verification and review process, the finalised list is now available for all concerned stakeholders. This marks an important step ahead of the upcoming election process.",43
BCB election 2026 - Draft Voter List,Latest News,2026-05-17T17:52:00+00:00,Staff Correspondent,https://www.tigercricket.com.bd/detail/bcb-election-2026-draft-voter-list,https://www.tigercricket.com.bd/images/2026/05/1865436400970301.jpeg,The Draft Voter List for the BCB Election 2026 has been officially published.,13
BCB Election-2026 TOPSIL,Latest News,2026-05-16T17:46:00+00:00,Staff Correspondent,https://www.tigercricket.com.bd/detail/bcb-election-2026-topsil,https://www.tigercricket.com.bd/images/2026/05/1865345417998199.jpeg,The Bangladesh Cricket Board has officially announced the TOPSIL for the BCB Election 2026.,14
"The Bangladesh Women's add another feather, as the girls hunt down the Lankans.",Latest News,2026-04-28T15:55:00+00:00,Staff Correspondent,https://www.tigercricket.com.bd/detail/the-bangladesh-women-s-add-another-feather-as-the-girls-hunt-down-the-lankans,https://www.tigercricket.com.bd/images/2026/04/1863711166679334.jpeg,"For years, the Bangladesh women's cricket team, fought to establish their footprint in a sport dominated by traditional giants. In recent years, Bangladesh witnessed a series of breakthroughs. From the turning point of the 2018 Asia Cup to recent home-soil heroics, Bangladesh has systematically checked off first-ever victories against higher-ranked opponents. One of the most defining moments in Bangladesh's ODI cricket history of Women came in more recently. On 16th July 2023, at the Sher-e-Bangla National Stadium in Mirpur, Bangladesh defeated India by 40 runs (via DLS method). Marufa Akter’s fiery spell and Nigar Sultana’s captaincy ended a decade-long wait for a 50-over win against their neighbors. Talking about neighbors, Bangladesh found early success against Pakistan, recording their first ODI win on March 4, 2014, in Cox’s Bazar by 43 runs. The innings was tailored by Rumana Ahmed’s 44 runs and Lata Mondal cleaned up the Pak batter with her spell of 8 overs, picking up 4 wickets. The sweetest victory, however, arrived on the biggest stage on 14th Match, 2022. In the 2022 ICC Women’s World Cup in Hamilton, Bangladesh secured their first-ever win in the tournament by defeating Pakistan in a nine-run nail-biter. Batting first Bangladesh put on a score of 234, thanks to Fargana Hoque who played an innings for the books of 71 runs. While Sharmin Akhter and Nigar Sultana(C) missed on a half century but had caused enough damage with 44 and 46 runs respectively. From the other Fahima Khatun was too hot to handle, picking up 3 wickets. The Tigresses signaled their arrival and potential in 2012. On September 6, in Mirpur, they stunned South Africa in a low-scoring classic. Khadija Tul Kubra and Rumana Ahmed shared six wickets to restrict the Proteas to just 75. Despite a tense collapse during the chase, Lata Mondal showed nerves of steel, scoring an unbeaten 31 to guide Bangladesh to a landmark two-wicket victory. On 21st January of 2025, Nigar Sultana, the skipper, led Bangladesh to go big against West Indies. Her 68 proved to be instrumental against the Windies, in Basseterre. The second innings was an allround dominant show from bowlers as Nahida Akter picked up 3, while Marufa Akter, Rabeya Khan & Fahima Khatun claimed 2 wicket each. Resulting to an incredible 60 runs win and claim the first of many against the Windies. Under the golden Rajshahi sun of 20th April, 2026, history turned another page and it was rewritten. In a monumental display of grit and grace, the Bangladesh Women’s team secured their first-ever ODI victory against Sri Lanka, ahead of the World Cup. The foundation of this heist was laid by the relentless Ritu Moni and her masterclass of 3/36, restricting Lankans to a chaseable 205. From the other end, Sharmin Akhter’s stellar 86 led to a 3-wicket victory, marking their first-ever ODI win against the island nation.",476
Hon'ble PM Congratulates Bangladesh Team,Latest News,2026-03-16T16:20:00+00:00,Staff Correspondent,https://www.tigercricket.com.bd/detail/hon-ble-pm-congratulates-bangladesh-team,https://www.tigercricket.com.bd/images/2026/03/1859813641686089.jpeg,The Hon’ble Prime Minister of the People’s Republic of Bangladesh Tarique Rahman has congratulated the Bangladesh Cricket Team on its 2-1 ODI series victory against Pakistan. The Bangladesh side secured the series after winning the third and deciding match by 11 runs at the Sher-e Bangla National Cricket Stadium on Sunday.,51
"BCB Expresses Gratitude to PCB, ICC and all Involved",Latest News,2026-02-10T20:46:00+00:00,Staff Correspondent,https://www.tigercricket.com.bd/detail/bcb-expresses-gratitude-to-pcb-icc-and-all-involved,https://www.tigercricket.com.bd/images/2026/02/BCB-media-release-thumbnail.jpg.jpeg,Bangladesh Cricket Board acknowledges Pakistan Cricket Board and ICC for their positive role and solidarity. BCB Statement of ICC communication Regarding T20 World Cup 2026,25
Vendor Enlistment Cancellation Notice December 2025,Latest News,2025-12-07T20:46:00+00:00,Staff Correspondent,https://www.tigercricket.com.bd/detail/vendor-enlistment-cancellation-notice-december-2025,https://www.tigercricket.com.bd/images/2025/12/1850861241324714.jpg,"Notice of Cancellation, Vendor Enlistment Process of the Bangladesh Cricket Board",11
BCB Signs MoU with Bangladesh Tourism Board to Promote Cricket Tourism,Latest News,2025-10-05T18:11:00+00:00,Staff Correspondent,https://www.tigercricket.com.bd/detail/bcb-signs-mou-with-bangladesh-tourism-board-to-promote-cricket-tourism,https://www.tigercricket.com.bd/images/2025/10/1845143828422060.jpg,"The Bangladesh Cricket Board (BCB) and Bangladesh Tourism Board (BTB) have signed a Memorandum of Understanding (MoU) to work together in promoting Bangladesh as a cricket tourism destination. BCB President Md Aminul Islam, Cricket Tourism Advisor of the BCB President’s Advisory Committee Md Shakawath Hossain, BCB Chief Executive Officer Nizam Uddin Chowdhury, Chief Executive Officer of BTB Nuzhat Yasmin, Director Admin & Finance of BTB Abu Salim Mahmud-Ul Hasan, BTB’s Director Marketing Planning & Public Relation Saleha Binte Siraj and officials of both organisations were present at the MoU signing programme held at the BTB office in Dhaka. The agreement outlines a cooperative framework between the two organisations to highlight the country’s tourism potential through cricket and to create opportunities that bring together sport and culture on both national and international platforms. As part of the MoU, the BCB and BTB will collaborate on joint campaigns, promotional activities, and destination-based initiatives such as trophy tours, cultural events and curated travel packages. Both parties will also work with tour operators, hotels, and travel agencies to develop cricket tourism packages designed for domestic and overseas visitors. BCB President Md Aminul Islam said: “This partnership reflects our shared vision of projecting Bangladesh not only as a cricketing nation but also as a unique tourism destination. We are confident that cricket, being one of the strongest unifying forces in the country, will play an important role in promoting Bangladesh globally. “Tourism and cricket together create a powerful platform to present Bangladesh’s rich heritage, culture and natural beauty. Through this collaboration, we aim to enhance international awareness and attract more visitors to experience Bangladesh.” CEO of BTB Nuzhat Yasmin welcomed the initiative and the possibilities: “This partnership between the BCB and BTB will create exciting opportunities for tourism in Bangladesh and will also help strengthen market connections for stakeholders for drawing more visitors to our country through cricket.”",313
"BCB Board of Directors Election 2025 - Candidate List, 1 Oct 2025",Latest News,2025-10-01T16:19:00+00:00,Staff Correspondent,https://www.tigercricket.com.bd/detail/bcb-board-of-directors-election-2025-candidate-list,https://www.tigercricket.com.bd/images/2025/10/1844776151721930.jpg,"BCB Board of Directors Election 2025 - Candidate List, 1 Oct 2025",12
BCB Board of Directors Election 2025 - Decision against Appeal,Media Release,2025-09-30T18:21:00+00:00,Staff Correspondent,https://www.tigercricket.com.bd/detail/bcb-board-of-directors-election-2025-decision-against-appeal,https://www.tigercricket.com.bd/images/2025/09/1844691648206034.jpg,BCB Board of Directors Election 2025 - Decision against Appeal,10
Candidates List after Screening,Media Release,2025-09-29T16:34:00+00:00,Staff Correspondent,https://www.tigercricket.com.bd/detail/candidates-list-after-screening,https://www.tigercricket.com.bd/images/2025/09/1844594294564432.jpg,Candidates List after Screening,4
FINAL VOTER LIST,Media Release,2025-09-26T17:06:00+00:00,Staff Correspondent,https://www.tigercricket.com.bd/detail/final-voter-list,https://www.tigercricket.com.bd/images/2025/09/1844324389488440.jpg,FINAL VOTER LIST,3
Election Code of Conduct – BCB Board of Directors Election 2025,Media Release,2025-09-23T20:24:00+00:00,Staff Correspondent,https://www.tigercricket.com.bd/detail/election-code-of-conduct-bcb-board-of-directors-election-2025,https://www.tigercricket.com.bd/images/2025/09/1844065393462583.jpg,"Description: The Bangladesh Cricket Board (BCB) has released the official Election Code of Conduct for the BCB Board of Directors Election 2025, as issued by the Office of the Election Commission.",31
Amended Schedule of the BCB Board of Directors Election 2025,Media Release,2025-09-23T19:46:00+00:00,Staff Correspondent,https://www.tigercricket.com.bd/detail/amended-schedule-of-the-bcb-board-of-directors-election-2025,https://www.tigercricket.com.bd/images/2025/09/1844062669857880.jpg,The Bangladesh Cricket Board (BCB) announces the Amended Schedule of the BCB Board of Directors Election 2025 issued by the Office of the Election Commission.,25
Schedule of the BCB Board of Directors Election 2025,Media Release,2025-09-21T17:55:00+00:00,Staff Correspondent,https://www.tigercricket.com.bd/detail/schedule-of-the-bcb-board-of-directors-election-2025-issued-by-the-office-of-the-election-commission,https://www.tigercricket.com.bd/images/2025/09/1843887776580026.jpg,The Bangladesh Cricket Board (BCB) announces the Schedule of the BCB Board of Directors Election 2025 issued by the Office of the Election Commission.,24
Bangladesh Squad for ICC Women’s World Cup 2025 Announced,Media Release,2025-08-23T10:23:00+00:00,Staff Correspondent,https://www.tigercricket.com.bd/detail/bangladesh-squad-for-icc-women-s-world-cup-2025-announced,https://www.tigercricket.com.bd/images/2025/08/1841309344101568.png,"The Bangladesh Cricket Board (BCB) today announced the 15-member squad for the ICC Women’s Cricket World Cup 2025, set to be held in India and Sri Lanka from September 30 to November 2. Wicketkeeper-batter Rubya Haider Jhelik, off-spinner Nishita Akter Nishi and top-order batter Sumaiya Akter have been named in the final squad, replacing Dilara Akter Dola, Jannatul Ferdous Sumona and Ishma Tanjim respectively. Rubya, who has previously represented Bangladesh in T20 internationals is yet to play an ODI. She receives her first World Cup call-up following a period of consistent development with the bat and behind the stumps. Nishi ta , the youngest member of the squad at 17 years, had made her international debut in 2023 during the ODI series against Pakistan. Another notable inclusion is Sumaiya, the former Bangladesh U19 captain, who had played her only ODI against Australia in March last year . Sumaiya, a technically sound top-order batter, enjoyed an impressive domestic season and followed it up with strong performances for the Bangladesh Emerging Team earlier this year. Sazzad Ahmed Mansur, Chief Selector of the BCB Women’s Wing said: “Rubya has earned her place through sheer hard work. Her development over the last six months has been outstanding. We see her as a valuable option both as a reserve keeper and a backup opener. “Nishi ta is still young, but she bowls with great maturity. She is consistent, calm under pressure and her ability to contain left-handers gave her an edge. We believe this experience will serve her well and add depth to our spin attack. “Sumaiya has been knocking on the door for some time. She brings the ability to occupy the crease and accelerate when needed. With her skill set and fielding standards, she gives us an all-round option in the top order.” Nigar Sultana Joty (Captain), Nahida Akter (Vice-Captain), Farzana Haque, Rubya Haider Jhelik, Sharmin Akter Supta, Sobhana Mostary, Ritu Moni, Shorna Akter, Fahima Khatun, Rabeya Khan, Marufa Akter, Fariha Islam Trisna, Shanjida Akther Maghla, Nishita Akter Nishi, Sumaiya Akter Tournament Schedule – ICC Women’s World Cup 2025 (Bangladesh Fixtures) (All match start times, including warmups, at 15:30 BST unless specified) Warm-up Matches (Colombo) 25 September: Bangladesh vs South Africa – Colombo Cricket Club 27 September: Sri Lanka vs Bangladesh – R. Premadasa Stadium Group Stage Matches 2 October: Bangladesh vs Pakistan – Colombo 7 October: England vs Bangladesh – Guwahati 10 October: New Zealand vs Bangladesh – Guwahati 13 October: South Africa vs Bangladesh – Visakhapatnam 16 October: Australia vs Bangladesh – Visakhapatnam 20 October: Sri Lanka vs Bangladesh – Navi Mumbai 26 October: India vs Bangladesh – Navi Mumbai 29 October: Semifinal 1 – Guwahati or Colombo 30 October: Semifinal 2 – Navi Mumbai 2 November: Final – Navi Mumbai or Colombo",462
BCB Board of Directors Election 2026 - Final Result,BCB Election 2026,2026-06-08T12:24:00+00:00,Staff Correspondent,https://www.tigercricket.com.bd/detail/bcb-board-of-directors-election-2026-final-result,https://www.tigercricket.com.bd/images/2026/06/1867408918978779.jpeg,The final result of the BCB Board of Directors Election 2026 has been announced. The following candidates of the BCB Board of Directors Election 2026 have been nominated as Directors of the Bangladesh Cricket Board. Congratulations to all the elected Directors.,41
BCB Election 2026 - Final List of Candidates,BCB Election 2026,2026-05-25T15:51:00+00:00,Staff Correspondent,https://www.tigercricket.com.bd/detail/bcb-election-2026-final-list-of-candidates,https://www.tigercricket.com.bd/images/2026/05/1866153579853074.jpeg,The Bangladesh Cricket Board has announced the final list of candidates for the upcoming BCB Election 2026.,17
BCB Election 2026 - List of Candidates Who Withdrew Their Nominations,BCB Election 2026,2026-05-25T15:49:00+00:00,Staff Correspondent,https://www.tigercricket.com.bd/detail/bcb-election-2026-list-of-candidates-who-withdrew-their-nominations,https://www.tigercricket.com.bd/images/2026/05/1866153472465116.jpeg,The Bangladesh Cricket Board has published the list of candidates who officially withdrew their nominations for the BCB Election 2026.,20
Mymensingh Girls 🆚 Dhaka Girls | Notun Kuri Sports 2026 Cricket Tournament | Final,Notun Kuri Sports 2026,2026-07-25T13:34:00+00:00,Staff Correspondent,https://www.tigercricket.com.bd/detail/mymensingh-girls-dhaka-girls-notun-kuri-sports-2026-cricket-tournament-final,https://www.tigercricket.com.bd/images/2026/07/1871671341430935.jpeg,"Dhaka Girls won by 19 runs | Mymensingh Girls 🆚 Dhaka Girls | Notun Kuri Sports 2026 Cricket Tournament | Final | 24th July, 2026 | 11:00 AM (BST)",29
Rajshahi Boys 🆚 Sylhet Boys | Notun Kuri Sports 2026 Cricket Tournament,Notun Kuri Sports 2026,2026-07-23T17:33:00+00:00,Staff Correspondent,https://www.tigercricket.com.bd/detail/rajshahi-boys-sylhet-boys-notun-kuri-sports-2026-cricket-tournament,https://www.tigercricket.com.bd/images/2026/07/1871505191736799.jpeg,Rajshahi Boys won by 57 runs | Notun Kuri Sports 2026 Cricket Tournament | Rajshahi Boys 🆚 Sylhet Boys,19
Mymensingh Girls 🆚 Chattogram Girls | Notun Kuri Sports 2026 Cricket Tournament | 1st Semi Final,Notun Kuri Sports 2026,2026-07-23T14:29:00+00:00,Staff Correspondent,https://www.tigercricket.com.bd/detail/mymensingh-girls-chattogram-girls-notun-kuri-sports-2026-cricket-tournament-1st-semi-final,https://www.tigercricket.com.bd/images/2026/07/1871493637913525.jpeg,Mymensingh girls won by 10 wickets | Notun Kuri Sports 2026 Cricket Tournament | Mymensingh Girls 🆚 Chattogram Girls,19
Faridpur Boys 🆚 Rangpur Boys | Notun Kuri Sports 2026 Cricket Tournament | 2nd Semi Final,Notun Kuri Sports 2026,2026-07-23T13:04:00+00:00,Staff Correspondent,https://www.tigercricket.com.bd/detail/faridpur-boys-rangpur-boys-notun-kuri-sports-2026-cricket-tournament-2nd-semi-final,https://www.tigercricket.com.bd/images/2026/07/1871488293079383.jpeg,Rangpur Boys won by 8 runs (DLS Method) | Faridpur Boys 🆚 Rangpur Boys | Notun Kuri Sports 2026 Cricket Tournament,21
Sylhet Girls 🆚 Dhaka Girls | Notun Kuri Sports 2026 Cricket Tournament,Notun Kuri Sports 2026,2026-07-22T19:18:00+00:00,Staff Correspondent,https://www.tigercricket.com.bd/detail/sylhet-girls-dhaka-girls-notun-kuri-sports-2026-cricket-tournament,https://www.tigercricket.com.bd/images/2026/07/1871421214725616.jpeg,Dhaka Girls Won by Toss of Coin | Sylhet Girls 🆚 Dhaka Girls | Notun Kuri Sports 2026 Cricket Tournament,20
Sylhet Boys 🆚 Dhaka Boys | Notun Kuri Sports 2026 Cricket Tournament,Notun Kuri Sports 2026,2026-07-22T18:30:00+00:00,Staff Correspondent,https://www.tigercricket.com.bd/detail/sylhet-boys-dhaka-boys-notun-kuri-sports-2026-cricket-tournament,https://www.tigercricket.com.bd/images/2026/07/1871418196590913.jpeg,Sylhet Boys Won by Toss of Coin | Sylhet Boys 🆚 Dhaka Boys | Notun Kuri Sports 2026 Cricket Tournament,20
Comilla Boys 🆚Rangpur Boys | Notun Kuri Sports 2026 Cricket Tournament,Notun Kuri Sports 2026,2026-07-22T17:59:00+00:00,Staff Correspondent,https://www.tigercricket.com.bd/detail/comilla-boys-rangpur-boys-notun-kuri-sports-2026-cricket-tournament,https://www.tigercricket.com.bd/images/2026/07/1871416227132402.jpeg,Rangpur Boys won by 10 wickets| Notun Kuri Sports 2026 Cricket Tournament | Comilla Boys 🆚Rangpur Boys,17
Rajshahi Boys 🆚 Barisal Boys | Notun Kuri Sports 2026 Cricket Tournament,Notun Kuri Sports 2026,2026-07-22T17:56:00+00:00,Staff Correspondent,https://www.tigercricket.com.bd/detail/rajshahi-boys-barisal-boys-notun-kuri-sports-2026-cricket-tournament,https://www.tigercricket.com.bd/images/2026/07/1871416050434553.jpeg,Rajshahi Boys won by 10 wickets | Rajshahi Boys 🆚 Barisal Boys | Notun Kuri Sports 2026 Cricket Tournament,19
Faridpur Girls VS Mymensingh Girls | Notun Kuri Sports 2026 Cricket Tournament,Notun Kuri Sports 2026,2026-07-22T17:55:00+00:00,Staff Correspondent,https://www.tigercricket.com.bd/detail/faridpur-girls-vs-mymensingh-girls-notun-kuri-sports-2026-cricket-tournament,https://www.tigercricket.com.bd/images/2026/07/1871416000743113.jpeg,Description: Rajshahi Boys won by 10 wickets | Rajshahi Boys 🆚 Barisal Boys | Notun Kuri Sports 2026 Cricket Tournament,20
Grand Opening of Notun Kuri Sports 2026 | Celebrating the Future of Bangladesh Cricket,Notun Kuri Sports 2026,2026-07-22T17:51:00+00:00,Staff Correspondent,https://www.tigercricket.com.bd/detail/grand-opening-of-notun-kuri-sports-2026-celebrating-the-future-of-bangladesh-cricket,https://www.tigercricket.com.bd/images/2026/07/1871415763600370.jpeg,"The Grand Opening of Notun Kuri Sports brought together distinguished guests and young participants to celebrate the beginning of a journey driven by passion, talent, and opportunity. Guest List: Aminul Haque, Minister of State for Youth and Sports of Bangladesh, Minhazul Abedin, Director, Bangladesh Cricket Board and Chairman, Age Group Committee, S M Abdullah Al Fuad, Vice Chairman, Tournament Committee of Bangladesh Cricket Board. Nizam Uddin Chowdhury Chief Executive Officer (CEO), Bangladesh Cricket Board (BCB)",75
